{"cameraMode":{"drawMode":0,"name":"Shaded","section":"Shading Mode"},"sceneLighting":true,"audioPlay":false,"sceneViewState":{"showFog":false,"showMaterialUpdate":false,"showSkybox":false,"showFlares":false,"showImageEffects":false,"showParticleSystems":false},"in2DMode":false,"pivot":{"x":1.1700176000595093,"y":-0.9770979881286621,"z":-3.046969413757324},"rotation":{"x":-0.02279690094292164,"y":0.030584950000047685,"z":-0.0006983231869526207,"w":-0.9992771744728088},"size":10.80612564086914,"orthographic":false}