{"cameraMode":{"drawMode":0,"name":"Shaded","section":"Shading Mode"},"sceneLighting":true,"audioPlay":false,"sceneViewState":{"showFog":false,"showMaterialUpdate":false,"showSkybox":false,"showFlares":false,"showImageEffects":false,"showParticleSystems":false},"in2DMode":false,"pivot":{"x":-2.014587640762329,"y":3.7543911933898927,"z":17.62241554260254},"rotation":{"x":0.06021009013056755,"y":-0.5540336966514587,"z":0.0367322638630867,"w":0.8300669193267822},"size":6.515989303588867,"orthographic":false}