{"cameraMode":{"drawMode":0,"name":"Shaded","section":"Shading Mode"},"sceneLighting":true,"audioPlay":false,"sceneViewState":{"showFog":false,"showMaterialUpdate":false,"showSkybox":false,"showFlares":false,"showImageEffects":false,"showParticleSystems":false},"in2DMode":false,"pivot":{"x":801.3009643554688,"y":451.36981201171877,"z":-0.9173202514648438},"rotation":{"x":0.027043158188462259,"y":-0.015336939133703709,"z":-0.001959545537829399,"w":1.0000476837158204},"size":44.6866340637207,"orthographic":false}