{"cameraMode":{"drawMode":0,"name":"Shaded","section":"Shading Mode"},"sceneLighting":true,"audioPlay":false,"sceneViewState":{"showFog":false,"showMaterialUpdate":false,"showSkybox":false,"showFlares":false,"showImageEffects":false,"showParticleSystems":false},"in2DMode":false,"pivot":{"x":-3.428196907043457,"y":2.9850006103515627,"z":-2.546907901763916},"rotation":{"x":-0.047973934561014178,"y":-0.01253235898911953,"z":-0.002032185671851039,"w":0.999098539352417},"size":22.0,"orthographic":false}