{"cameraMode":{"drawMode":0,"name":"Shaded","section":"Shading Mode"},"sceneLighting":true,"audioPlay":false,"sceneViewState":{"showFog":false,"showMaterialUpdate":false,"showSkybox":false,"showFlares":false,"showImageEffects":false,"showParticleSystems":false},"in2DMode":false,"pivot":{"x":859.4036254882813,"y":599.3228759765625,"z":0.72064208984375},"rotation":{"x":-0.06323836743831635,"y":-0.030834324657917024,"z":0.001958227250725031,"w":-0.9975327253341675},"size":891.3115844726563,"orthographic":false}