{"cameraMode":{"drawMode":0,"name":"Shaded","section":"Shading Mode"},"sceneLighting":true,"audioPlay":false,"sceneViewState":{"showFog":false,"showMaterialUpdate":false,"showSkybox":false,"showFlares":false,"showImageEffects":false,"showParticleSystems":false},"in2DMode":false,"pivot":{"x":-2.0899999141693117,"y":1.2899999618530274,"z":1.255000114440918},"rotation":{"x":0.21958521008491517,"y":-0.07399425655603409,"z":0.016578469425439836,"w":0.9727652668952942},"size":11.772134780883789,"orthographic":false}