{"cameraMode":{"drawMode":0,"name":"Shaded","section":"Shading Mode"},"sceneLighting":true,"audioPlay":false,"sceneViewState":{"showFog":false,"showMaterialUpdate":false,"showSkybox":false,"showFlares":false,"showImageEffects":false,"showParticleSystems":false},"in2DMode":false,"pivot":{"x":42.80253601074219,"y":38.475006103515628,"z":0.0},"rotation":{"x":-0.06323836743831635,"y":-0.030834324657917024,"z":0.001958227250725031,"w":-0.9975327253341675},"size":108.6524429321289,"orthographic":false}