{"cameraMode":{"drawMode":0,"name":"Shaded","section":"Shading Mode"},"sceneLighting":true,"audioPlay":false,"sceneViewState":{"showFog":false,"showMaterialUpdate":false,"showSkybox":false,"showFlares":false,"showImageEffects":false,"showParticleSystems":false},"in2DMode":false,"pivot":{"x":3.700000047683716,"y":1.8600000143051148,"z":5.421439170837402},"rotation":{"x":0.12567037343978883,"y":0.012634706683456898,"z":-0.005197586957365274,"w":0.9924871325492859},"size":1.6433866024017335,"orthographic":false}