{"cameraMode":{"drawMode":0,"name":"Shaded","section":"Shading Mode"},"sceneLighting":true,"audioPlay":false,"sceneViewState":{"showFog":false,"showMaterialUpdate":false,"showSkybox":false,"showFlares":false,"showImageEffects":false,"showParticleSystems":false},"in2DMode":false,"pivot":{"x":1313.735107421875,"y":725.083740234375,"z":57.92315673828125},"rotation":{"x":0.03293429687619209,"y":-0.06831393390893936,"z":0.0020956348162144424,"w":0.9972310662269592},"size":816.3749389648438,"orthographic":false}