{"cameraMode":{"drawMode":0,"name":"Shaded","section":"Shading Mode"},"sceneLighting":true,"audioPlay":false,"sceneViewState":{"showFog":false,"showMaterialUpdate":false,"showSkybox":false,"showFlares":false,"showImageEffects":false,"showParticleSystems":false},"in2DMode":false,"pivot":{"x":0.21538174152374268,"y":7.519181251525879,"z":3.843608856201172},"rotation":{"x":0.21958521008491517,"y":-0.07399425655603409,"z":0.016578469425439836,"w":0.9727652668952942},"size":-3.0881118774414064,"orthographic":false}