{"cameraMode":{"drawMode":0,"name":"Shaded","section":"Shading Mode"},"sceneLighting":true,"audioPlay":false,"sceneViewState":{"showFog":false,"showMaterialUpdate":false,"showSkybox":false,"showFlares":false,"showImageEffects":false,"showParticleSystems":false},"in2DMode":false,"pivot":{"x":827.9999389648438,"y":83.99996948242188,"z":0.0},"rotation":{"x":0.07493685185909271,"y":0.009572373703122139,"z":-0.0008428975706920028,"w":0.997262179851532},"size":509.9933776855469,"orthographic":false}