{"cameraMode":{"drawMode":0,"name":"Shaded","section":"Shading Mode"},"sceneLighting":true,"audioPlay":false,"sceneViewState":{"showFog":false,"showMaterialUpdate":false,"showSkybox":false,"showFlares":false,"showImageEffects":false,"showParticleSystems":false},"in2DMode":false,"pivot":{"x":2.018385887145996,"y":1.0519205331802369,"z":-3.0620992183685304},"rotation":{"x":-0.047973934561014178,"y":-0.01253235898911953,"z":-0.002032185671851039,"w":0.999098539352417},"size":5.327739715576172,"orthographic":false}