{"cameraMode":{"drawMode":0,"name":"Shaded","section":"Shading Mode"},"sceneLighting":true,"audioPlay":false,"sceneViewState":{"showFog":false,"showMaterialUpdate":false,"showSkybox":false,"showFlares":false,"showImageEffects":false,"showParticleSystems":false},"in2DMode":false,"pivot":{"x":-0.36381280422210696,"y":1.7013587951660157,"z":0.6450612545013428},"rotation":{"x":0.5090175867080689,"y":-0.003390110330656171,"z":0.001901037059724331,"w":0.8608360290527344},"size":7.636052131652832,"orthographic":false}