{"cameraMode":{"drawMode":0,"name":"Shaded","section":"Shading Mode"},"sceneLighting":false,"audioPlay":false,"sceneViewState":{"showFog":false,"showMaterialUpdate":false,"showSkybox":false,"showFlares":false,"showImageEffects":false,"showParticleSystems":false},"in2DMode":false,"pivot":{"x":221.50100708007813,"y":92.76573944091797,"z":-0.5987548828125},"rotation":{"x":-0.03177988529205322,"y":-0.0398707389831543,"z":0.0012718015350401402,"w":-0.9987133145332336},"size":40.12574005126953,"orthographic":false}