{"cameraMode":{"drawMode":0,"name":"Shaded","section":"Shading Mode"},"sceneLighting":true,"audioPlay":false,"sceneViewState":{"showFog":false,"showMaterialUpdate":false,"showSkybox":false,"showFlares":false,"showImageEffects":false,"showParticleSystems":false},"in2DMode":false,"pivot":{"x":0.27280759811401369,"y":0.744171142578125,"z":-0.14326143264770509},"rotation":{"x":0.41598471999168398,"y":0.012597834691405297,"z":-0.006383466999977827,"w":0.9094440937042236},"size":3.0914454460144045,"orthographic":false}