{"cameraMode":{"drawMode":0,"name":"Shaded","section":"Shading Mode"},"sceneLighting":false,"audioPlay":false,"sceneViewState":{"showFog":false,"showMaterialUpdate":false,"showSkybox":false,"showFlares":false,"showImageEffects":false,"showParticleSystems":false},"in2DMode":false,"pivot":{"x":970.2222290039063,"y":608.1580200195313,"z":-6.311492919921875},"rotation":{"x":-0.047973934561014178,"y":-0.01253235898911953,"z":-0.002032185671851039,"w":0.999098539352417},"size":354.3873596191406,"orthographic":false}