{"cameraMode":{"drawMode":0,"name":"Shaded","section":"Shading Mode"},"sceneLighting":true,"audioPlay":false,"sceneViewState":{"showFog":false,"showMaterialUpdate":false,"showSkybox":false,"showFlares":false,"showImageEffects":false,"showParticleSystems":false},"in2DMode":false,"pivot":{"x":1134.271240234375,"y":606.48046875,"z":89.766845703125},"rotation":{"x":-0.07329811900854111,"y":0.10957909375429154,"z":-0.008098063990473748,"w":-0.9912522435188294},"size":1268.125732421875,"orthographic":false}