{"cameraMode":{"drawMode":0,"name":"Shaded","section":"Shading Mode"},"sceneLighting":true,"audioPlay":false,"sceneViewState":{"showFog":false,"showMaterialUpdate":false,"showSkybox":false,"showFlares":false,"showImageEffects":false,"showParticleSystems":false},"in2DMode":false,"pivot":{"x":624.4088134765625,"y":552.7659912109375,"z":129.88671875},"rotation":{"x":-0.10198839753866196,"y":0.05279620364308357,"z":-0.0054187471978366379,"w":-0.9933785200119019},"size":1884.0791015625,"orthographic":false}