{"cameraMode":{"drawMode":0,"name":"Shaded","section":"Shading Mode"},"sceneLighting":true,"audioPlay":false,"sceneViewState":{"showFog":false,"showMaterialUpdate":false,"showSkybox":false,"showFlares":false,"showImageEffects":false,"showParticleSystems":false},"in2DMode":false,"pivot":{"x":-3.725153684616089,"y":1.7311890125274659,"z":1.5200908184051514},"rotation":{"x":0.07493685185909271,"y":0.009572373703122139,"z":-0.0008428975706920028,"w":0.997262179851532},"size":4.082890033721924,"orthographic":false}