{"cameraMode":{"drawMode":0,"name":"Shaded","section":"Shading Mode"},"sceneLighting":true,"audioPlay":false,"sceneViewState":{"showFog":false,"showMaterialUpdate":false,"showSkybox":false,"showFlares":false,"showImageEffects":false,"showParticleSystems":false},"in2DMode":false,"pivot":{"x":-0.5739361643791199,"y":1.9387285709381104,"z":-0.6361145973205566},"rotation":{"x":0.21958521008491517,"y":-0.07399425655603409,"z":0.016578469425439836,"w":0.9727652668952942},"size":8.421554565429688,"orthographic":false}