{"cameraMode":{"drawMode":0,"name":"Shaded","section":"Shading Mode"},"sceneLighting":true,"audioPlay":false,"sceneViewState":{"showFog":false,"showMaterialUpdate":false,"showSkybox":false,"showFlares":false,"showImageEffects":false,"showParticleSystems":false},"in2DMode":false,"pivot":{"x":0.48328009247779848,"y":0.415081262588501,"z":0.2769660949707031},"rotation":{"x":0.2912777364253998,"y":0.001812126487493515,"z":-0.0013225761940702797,"w":0.9568500518798828},"size":4.357883930206299,"orthographic":false}