{"cameraMode":{"drawMode":0,"name":"Shaded","section":"Shading Mode"},"sceneLighting":true,"audioPlay":false,"sceneViewState":{"showFog":false,"showMaterialUpdate":false,"showSkybox":false,"showFlares":false,"showImageEffects":false,"showParticleSystems":false},"in2DMode":false,"pivot":{"x":827.9999389648438,"y":83.99995422363281,"z":0.0},"rotation":{"x":-0.06323836743831635,"y":-0.030834324657917024,"z":0.001958227250725031,"w":-0.9975327253341675},"size":142.5601806640625,"orthographic":false}