{"cameraMode":{"drawMode":0,"name":"Shaded","section":"Shading Mode"},"sceneLighting":true,"audioPlay":false,"sceneViewState":{"showFog":false,"showMaterialUpdate":false,"showSkybox":false,"showFlares":false,"showImageEffects":false,"showParticleSystems":false},"in2DMode":false,"pivot":{"x":-2.351318836212158,"y":2.040433645248413,"z":-2.075759172439575},"rotation":{"x":-0.23466020822525025,"y":-0.5860891342163086,"z":0.1824633628129959,"w":-0.753763735294342},"size":4.982890605926514,"orthographic":false}